disease,taxon_rank_level,ncbi_taxon_id,samples,abus_mean,abus_median,abus_sd,scientific_name
D006262,species,820,12002,4.60874598763014,2.110325,6.38663857427971,Bacteroides uniformis
D006262,species,821,11417,4.09002620500131,1.25477,6.86015099425888,Bacteroides vulgatus
D006262,species,28116,11406,2.30596468727038,0.739456,4.34941351084713,Bacteroides ovatus
D006262,species,40520,11034,0.780763392223672,0.3480895,1.34655087321479,Blautia obeum
D006262,species,39491,10798,2.75876698811789,0.183908,5.9775305872621,[Eubacterium] rectale
D006262,species,818,10541,1.01785928214515,0.394232,2.19897546597175,Bacteroides thetaiotaomicron
D006262,species,357276,10341,2.22276226385997,0.17916,6.5158296501391,Bacteroides dorei
D006262,species,28117,10270,2.8647612366297,1.219475,4.1633218715015,Alistipes putredinis
D006262,species,823,10226,0.900920467681303,0.2780875,1.97717607500176,Parabacteroides distasonis
D006262,species,39485,10161,1.48255958370554,0.485064,2.8048791533813,[Eubacterium] eligens
D006262,species,47678,10040,1.45274012325847,0.4784715,3.18563974483901,Bacteroides caccae
D006262,species,216816,9740,1.45224729722033,0.180743,5.28209935081242,Bifidobacterium longum
D006262,species,39488,9607,0.58247404001322,0.136943,1.29864237697315,[Eubacterium] hallii
D006262,species,301301,9605,0.581138390031963,0.195938,1.0904529883018,Roseburia hominis
D006262,species,33039,9522,0.824451680252363,0.2220885,2.05783658902927,[Ruminococcus] torques
D006262,species,39486,9499,0.286556260504579,0.120167,0.548001927154805,Dorea formicigenerans
D006262,species,371601,9441,0.48316140442845,0.09392,1.57049740591463,Bacteroides xylanisolvens
D006262,species,410072,9410,0.488472617460893,0.20085,0.840599410909274,Coprococcus comes
D006262,species,328813,9387,0.926194540030361,0.213999,2.16638472019273,Alistipes onderdonkii
D006262,species,328814,9385,0.660714606908471,0.262368,1.08450940685037,Alistipes shahii
D006262,species,40518,9348,2.49975462937211,0.5957495,5.08658073441778,Ruminococcus bromii
D006262,species,1304,9304,0.580257649979364,0.0927991,2.02474916250121,Streptococcus salivarius
D006262,species,46503,9269,1.47418521886234,0.42037,4.12413547034621,Parabacteroides merdae
D006262,species,166486,9100,0.815418618807253,0.0937697,2.12096799792697,Roseburia intestinalis
D006262,species,46506,8873,2.7169659957489,0.293889,6.10007151650461,Bacteroides stercoris
D006262,species,817,8702,1.19495287940382,0.1208295,4.53654850581066,Bacteroides fragilis
D006262,species,853,8444,4.7524345547802,2.905775,6.0786832927273,Faecalibacterium prausnitzii
D006262,species,246787,8441,1.03039309832259,0.09041,3.05795604222409,Bacteroides cellulosilyticus
D006262,species,1535,8426,0.328396721813079,0.11646,0.849547252871948,[Clostridium] leptum
D006262,species,214856,8372,0.341572925403488,0.08229395,0.858085932621444,Alistipes finegoldii
D006262,species,562,8324,1.99706166214224,0.09580565,7.1511087003246,Escherichia coli
D006262,species,33038,8142,0.752272040475436,0.0382952,3.09659308110904,[Ruminococcus] gnavus
D006262,species,74426,8091,0.989823787691138,0.23677,2.09884580096469,Collinsella aerofaciens
D006262,species,39496,8078,0.28657413953689,0.08761585,0.723922050394845,Eubacterium ventriosum
D006262,species,208479,8038,0.256663390364767,0.0406038,0.942161233504993,[Clostridium] bolteae
D006262,species,29466,7968,0.44907173006752,0.0337028,2.4748730661682,Veillonella parvula
D006262,species,1680,7964,1.60337266197407,0.133243,4.44638281817556,Bifidobacterium adolescentis
D006262,species,165179,7857,8.9558147950322,0.163981,17.2801570033603,Prevotella copri
D006262,species,204516,7802,1.88361955807165,0.323517,4.0301820398478,Bacteroides massiliensis
D006262,species,1308,7771,0.357470616038348,0.0478314,1.60135687102187,Streptococcus thermophilus
D006262,species,28118,7768,0.496423920567842,0.2536075,0.669044468070561,Odoribacter splanchnicus
D006262,species,729,7689,0.443274395873976,0.0493682,2.28293617654335,Haemophilus parainfluenzae
D006262,species,39490,7675,0.171483449860391,0.05784,0.375533090734668,Eubacterium ramulus
D006262,species,239935,7661,2.61928696245294,0.254109,6.48496696227096,Akkermansia muciniphila
D006262,species,39492,7519,1.02720351356949,0.15178,2.75276032256459,[Eubacterium] siraeum
D006262,species,1512,7436,0.189645918229962,0.04760005,0.71610630898298,[Clostridium] symbiosum
D006262,species,261299,7426,0.285903706269055,0.05735785,0.796879031485284,Intestinibacter bartlettii
D006262,species,487175,7419,0.467374267376735,0.0783822,1.29081957395131,Parasutterella excrementihominis
D006262,species,329854,7377,0.461589768943609,0.04513,1.76755061909745,Bacteroides intestinalis
D006262,species,88431,7250,0.525616325185517,0.098435,1.03108356133565,Dorea longicatena
D006262,species,218538,7227,2.22847733859029,0.39442,4.41460086596894,Dialister invisus
D006262,species,28026,7066,1.34313821485437,0.1682235,4.04713750526483,Bifidobacterium pseudocatenulatum
D006262,species,169435,7056,0.260805343780754,0.07640465,0.820471999083428,Anaerotruncus colihominis
D006262,species,46228,6992,0.394106063137014,0.04209,1.04133438835845,Ruminococcus lactaris
D006262,species,40519,6970,0.360931026480775,0.103243,0.656923131362371,Ruminococcus callidus
D006262,species,35833,6800,0.135535655066029,0.03291005,0.393218076089124,Bilophila wadsworthia
D006262,species,28037,6796,0.1799509971701,0.02261905,1.02550730112428,Streptococcus mitis
D006262,species,360807,6659,0.962236393027331,0.28261,2.07329590656945,Roseburia inulinivorans
D006262,species,61171,6644,0.0418872950257375,0.0172,0.0831816789793687,Holdemania filiformis
D006262,species,28111,6572,1.6988874067045,0.02693635,6.09312900930402,Bacteroides eggerthii
D006262,species,310298,6355,3.17271949938694,0.0889536,7.24960176020212,Bacteroides coprocola
D006262,species,39778,6207,0.215877403154503,0.017561,1.13661971047217,Veillonella dispar
D006262,species,69825,6011,0.419097551101647,0.142736,0.954076783352241,[Clostridium] indolis
D006262,species,351091,6005,0.892238333177352,0.378555,1.49062499786226,Oscillibacter valericigenes
D006262,species,291645,5927,0.0839371974297284,0.0177772,0.585843011238659,Bacteroides nordii
D006262,species,84030,5921,0.188312633554298,0.0635372,0.494023261112662,[Clostridium] saccharolyticum
D006262,species,1303,5838,0.259440406388661,0.0223406,1.91023696701166,Streptococcus oralis
D006262,species,1515,5803,0.359162744374461,0.11744,0.732495667576874,Hungateiclostridium thermocellum
D006262,species,1559,5748,0.518909148747216,0.05458215,2.51746777957202,Clostridium tertium
D006262,species,39484,5709,0.242174843730601,0.089465,0.420756490741475,Agathobaculum desmolans
D006262,species,84112,5575,0.062107300158565,0.0131902,0.174544697021513,Eggerthella lenta
D006262,species,84026,5568,0.327742100711925,0.0542796,0.847326966228845,[Clostridium] methylpentosum
D006262,species,1685,5548,1.40281820928497,0.0631792,5.33627097004944,Bifidobacterium breve
D006262,species,44749,5534,0.255821076359595,0.0605217,0.597225529657468,Sporobacter termitidis
D006262,species,29348,5482,0.310454990332543,0.0929624,1.01221167986683,[Clostridium] spiroforme
D006262,species,536633,5401,0.583675012646732,0.138807,1.61038688983124,Blautia glucerasea
D006262,species,36847,5311,0.085577859648842,0.0340878,0.185342825343575,Anaerotignum neopropionicum
D006262,species,33043,5309,0.507256524314183,0.03718,1.30477700290963,Coprococcus eutactus
D006262,species,1532,5287,0.0854014286546246,0.0281468,0.3081112846485,Blautia coccoides
D006262,species,1264,5285,0.27931126767474,0.0245975,1.0825526545644,Ruminococcus albus
D006262,species,387661,5277,0.637361838697555,0.05876,1.72563235863503,Parabacteroides johnsonii
D006262,species,28446,5275,0.0771702967090047,0.026482,0.155454877399544,Anaerotignum propionicum
D006262,species,1465754,5225,0.167204713410526,0.0317582,0.731503004464031,Alistipes timonensis
D006262,species,454154,5218,0.611143248251878,0.113435,1.50018606195823,Paraprevotella clara
D006262,species,397865,5197,0.904800299687704,0.0755886,2.62738643453861,Barnesiella viscericola
D006262,species,1660,5123,0.0895047971698224,0.0103595,0.781854182138171,Actinomyces odontolyticus
D006262,species,1660,5123,0.0895047971698224,0.0103595,0.781854182138171,Schaalia odontolytica
D006262,species,1686,5109,1.69557699258283,0.0634754,4.2799906913465,Bifidobacterium catenulatum
D006262,species,1161942,5079,0.257425666279976,0.0195146,0.988590440822774,Ruminococcus champanellensis
D006262,species,288965,5073,0.0969447342231421,0.030079,0.236672199549785,Hungateiclostridium clariflavum
D006262,species,310297,5037,1.73292705109291,0.0268817,4.9981926937052,Bacteroides plebeius
D006262,species,626932,5025,0.221056145518209,0.0599835,0.550277288760295,Alistipes indistinctus
D006262,species,328812,5012,0.140464478958899,0.01271965,0.741210710769908,Parabacteroides goldsteinii
D006262,species,39777,5001,0.143810184992002,0.0142964,0.765461893139023,Veillonella atypica
D006262,species,1735,4894,0.893231152954843,0.161725,1.99837454212655,Holdemanella biformis
D006262,species,626937,4892,0.189102231000409,0.02876415,0.538793537495044,Christensenella minuta
D006262,species,78342,4837,0.474860725990283,0.0232997,1.93187382468602,Bifidobacterium gallicum
D006262,species,1502,4767,1.16128352101888,0.0100669,7.24784335129042,Clostridium perfringens
D006262,species,1265,4753,0.147083638677467,0.0163537,0.541606268382786,Ruminococcus flavefaciens
D006262,species,158787,4740,2.18193435141456,0.03533105,6.83838217060433,Bifidobacterium scardovii
D006262,species,1343,4719,0.197734811649502,0.01736,0.679433477652124,Streptococcus vestibularis
D006262,species,1681,4594,0.995162588244014,0.0369436,3.92316972096256,Bifidobacterium bifidum
D006262,species,35760,4493,0.307799556697084,0.0206269,1.07794925132047,Bifidobacterium choerinum
D006262,species,187327,4491,0.611136493615008,0.046709,1.58095678504821,Acidaminococcus intestini
D006262,species,341225,4475,0.157417056848112,0.0217037,0.422280709558167,[Clostridium] saccharogumia
D006262,species,1689,4353,0.455968039564209,0.02348,3.18909897012027,Bifidobacterium dentium
D006262,species,36745,4326,0.0979806379868239,0.01457055,0.290559775667964,Clostridium saccharoperbutylacetonicum
D006262,species,29363,4301,0.453552201876308,0.0163619,3.33544374575133,Clostridium paraputrificum
D006262,species,53443,4268,0.0376023298256795,0.01011635,0.122146246932016,Blautia hydrogenotrophica
D006262,species,28025,4255,0.175056432033608,0.0130634,1.12350258667574,Bifidobacterium animalis
D006262,species,143393,4250,0.0381028747018824,0.01051155,0.100501807055059,[Eubacterium] sulci
D006262,species,1297750,4164,0.79952340092171,0.125008,2.35903852702206,Bacteroides luti
D006262,species,291644,4139,0.385562364840783,0.0161577,1.0005485737954,Bacteroides salyersiae
D006262,species,762212,4014,0.361044142926756,0.0241036,1.65646105492721,Bifidobacterium biavatii
D006262,species,1520,3995,0.180832502477597,0.0136672,0.956727372303847,Clostridium beijerinckii
D006262,species,105841,3930,0.065322083765598,0.0125372,0.410687124764826,Anaerostipes caccae
D006262,species,29375,3862,0.12179747159943,0.01879055,0.530553011331457,[Clostridium] xylanolyticum
D006262,species,876,3862,0.067794155516753,0.0122864,0.220125101852169,Desulfovibrio desulfuricans
D006262,species,338188,3851,0.723317968224617,0.0646169,2.5434517465044,Bacteroides finegoldii
D006262,species,645466,3828,0.028697700092999,0.0109938,0.0606099699059659,Anaerostipes butyraticus
D006262,species,1694,3821,0.0937453284773619,0.0146182,0.327243889872452,Bifidobacterium pseudolongum
D006262,species,33035,3807,0.293524137510901,0.0707965,0.853093925518067,Blautia producta
D006262,species,52787,3799,0.0463759478845749,0.0138748,0.163887139258917,Anaerofilum pentosovorans
D006262,species,1547,3783,0.234725502024848,0.0131894,1.31204948018905,Erysipelatoclostridium ramosum
D006262,species,1691,3701,0.120004330632262,0.0184733,0.249823132307576,Bifidobacterium indicum
D006262,species,36835,3691,0.114691006677675,0.0126481,0.583277535333825,[Clostridium] colinum
D006262,species,39497,3582,0.119404531638749,0.0244732,0.243926252849319,Eubacterium xylanophilum
D006262,species,1755626,3557,8.42742498705651,6.92094,7.11834331546642,Faecalibacterium sp. MC_41
D006262,species,446660,3533,0.120426284149448,0.02075,0.340281609845226,Adlercreutzia equolifaciens
D006262,species,658087,3522,0.093029315729699,0.035975,0.244988317245032,Lachnospiraceae bacterium 7_1_58FAA
D006262,species,1510,3513,0.0671023007685739,0.0103141,0.23681325332511,Thermoclostridium stercorarium
D006262,species,2173,3508,1.32356994869783,0.130285,3.51363302256733,Methanobrevibacter smithii
D006262,species,29370,3487,0.0622354491970175,0.0249116,0.137925341415174,[Clostridium] sphenoides
D006262,species,487174,3356,2.15557555423123,1.317115,2.66021061552502,Barnesiella intestinihominis
D006262,species,658089,3310,0.255600803625378,0.079685,0.655406223156871,Lachnospiraceae bacterium 5_1_63FAA
D006262,species,574375,3241,0.0624841801101512,0.0134661,0.1973447464676,Bacillus gaemokensis
D006262,species,1504,3216,0.240256979700871,0.01960365,0.805101482898205,Clostridium septicum
D006262,species,1492,3201,0.305110074663855,0.0198295,1.38809181094708,Clostridium butyricum
D006262,species,437898,3155,0.186684344353407,0.0255734,0.654489512573524,Sutterella parvirubra
D006262,species,154046,3143,0.201083433311804,0.01016,1.56365484171384,Hungatella hathewayi
D006262,species,1352,3032,0.241883109697559,0.0121313,1.99039327938626,Enterococcus faecium
D006262,species,52226,2987,0.143489402366923,0.0105681,0.706822648656909,Mitsuokella multacida
D006262,species,665950,2952,0.250567889566396,0.07377,0.589831273504478,Lachnospiraceae bacterium 3_1_46FAA
D006262,species,901,2864,0.246335939721823,0.05296005,0.46360223844466,Desulfovibrio piger
D006262,species,649756,2861,0.202905704299196,0.05054,1.38166177574764,Anaerostipes hadrus
D006262,species,116085,2860,0.236620146853147,0.133165,0.330205995240453,Coprococcus catus
D006262,species,626930,2842,0.126924551190535,0.03452985,0.477671586927422,Bacteroides fluxus
D006262,species,502558,2820,0.075217241306383,0.0166117,0.201544028203508,Eggerthella sp. YY7918
D006262,species,31971,2815,0.313488136049734,0.0103064,2.17328500592713,Absiella dolichum
D006262,species,762210,2741,1.01215105390296,0.03663,4.43312980306547,Bifidobacterium saguini
D006262,species,89014,2728,0.2259979833739,0.0853957,0.497712638884816,Blautia luti
D006262,species,573,2714,0.826789686954127,0.0154009,4.65267175947177,Klebsiella pneumoniae
D006262,species,1522,2699,0.0858407754912931,0.0103011,0.388122709215341,[Clostridium] innocuum
D006262,species,78345,2677,1.43198381944565,0.0727217,4.42971723525608,Bifidobacterium merycicum
D006262,species,1318,2530,0.228611688612648,0.041805,0.857018743312717,Streptococcus parasanguinis
D006262,species,1118061,2519,1.01718096863835,0.45963,1.32811817024773,Alistipes obesi
D006262,species,301302,2465,0.395393366160649,0.113404,0.792926927737525,Roseburia faecis
D006262,species,1322,2461,0.198142713932954,0.0164456,0.891526353187397,Blautia hansenii
D006262,species,292800,2419,0.15630722554692,0.03017,1.97663362235287,Flavonifractor plautii
D006262,species,469610,2390,0.217814832635983,0.0839,0.380156992832059,Burkholderiales bacterium 1_1_47
D006262,species,626931,2354,0.0734698478725574,0.0103925,0.330990700004271,Bacteroides oleiciplenus
D006262,species,84031,2298,0.0965634920530896,0.0187595,0.343113797966409,Clostridium sartagoforme
D006262,species,658081,2253,0.625539720372836,0.19514,1.27179541536631,Lachnospiraceae bacterium 1_1_57FAA
D006262,species,85831,2246,0.157105573774265,0.0182317,0.748214073623152,Bacteroides acidifaciens
D006262,species,2053618,2165,8.28208317321016,4.78131,10.8097080156888,Subdoligranulum sp.
D006262,species,84032,2147,0.100862448204471,0.0235641,0.267454232992978,Pseudoclostridium thermosuccinogenes
D006262,species,1288121,2144,0.128895186567164,0.028835,0.267162105179812,Alistipes senegalensis
D006262,species,158847,2092,0.62957261550349,0.0421613,2.0260557980162,Megamonas hypermegale
D006262,species,1623,1999,0.516413536174087,0.0173637,1.93276960562106,Lactobacillus ruminis
D006262,species,544645,1997,0.233548052282424,0.0954488,0.389723014101503,Butyricimonas virosa
D006262,species,847,1995,0.0545505780105263,0.0133385,0.127332186699728,Oxalobacter formigenes
D006262,species,674529,1961,0.887637460479347,0.06501,2.38449646206966,Bacteroides faecis
D006262,species,308994,1941,0.396918896160227,0.0185111,1.54372414989978,Dialister propionicifaciens
D006262,species,356829,1899,0.0425335474428647,0.011928,0.0855008768548469,Bifidobacterium tsurumiense
D006262,species,40545,1861,1.70283766254702,0.70812,2.72801521376271,Sutterella wadsworthensis
D006262,species,216945,1827,0.303970127492063,0.0169722,0.745258871353686,Spiroplasma syrphidicola
D006262,species,665951,1824,0.397985010964912,0.204415,0.581015884157701,Lachnospiraceae bacterium 8_1_57FAA
D006262,species,333367,1616,0.100368576732673,0.02535,0.293069880954279,[Clostridium] asparagiforme
D006262,species,457412,1603,2.78192597629445,1.42367,4.18008831264564,Ruminococcus sp. 5_1_39BFAA
D006262,species,1530,1596,0.072426762070802,0.02189555,0.125886825994495,Clostridium carnis
D006262,species,1683,1592,0.305643037067211,0.01421495,0.973859280066275,Bifidobacterium angulatum
D006262,species,39483,1571,0.142006945940165,0.0212089,0.423695057252489,Faecalitalea cylindroides
D006262,species,1099853,1566,0.197870191570881,0.07788,0.402480846366125,Coprobacter fastidiosus
D006262,species,1945593,1477,0.438224509140149,0.18262,0.704982970325931,Oscillibacter sp.
D006262,species,552398,1374,0.214892365356623,0.02902,0.470042091434414,Ruminococcaceae bacterium D16
D006262,species,1531,1372,0.245541717198251,0.01008005,0.834282999495965,[Clostridium] clostridioforme
D006262,species,658082,1305,0.285553931034483,0.02448,2.05697568955696,Lachnospiraceae bacterium 2_1_58FAA
D006262,species,626929,1291,0.682015065840434,0.1881,1.20483319106711,Bacteroides clarus
D006262,species,1929485,1288,0.423235605590062,0.21559,0.677744209115454,Bilophila sp.
D006262,species,234908,1286,0.235763011695179,0.0154062,0.858852803085732,Sutterella stercoricanis
D006262,species,457421,1281,0.0407873848555816,0.01534,0.0875502160358346,Clostridiales bacterium 1_7_47FAA
D006262,species,113107,1243,0.0405806516492357,0.01714,0.087594137139247,Streptococcus australis
D006262,species,658086,1210,0.187702140495868,0.021225,1.10157770142137,Lachnospiraceae bacterium 3_1_57FAA_CT1
D006262,species,84109,1134,0.0569192360246914,0.01009075,0.151173628311308,Slackia exigua
D006262,species,1926307,1130,0.325207477876106,0.02807,1.7976110397643,Veillonella sp.
D006262,species,520083,1016,0.235939548576772,0.0115329,1.0877169674154,Lactobacillus sp. KLDS 1.0716
D006262,species,1884818,984,1.02949328252033,0.099535,3.63206765042861,Escherichia sp.
D006262,species,1755629,960,0.0865694210375,0.01566645,0.249010463596979,Victivallis sp. MC_44
D006262,species,550,956,1.00000824108996,0.028285,6.90301988978741,Enterobacter cloacae
D006262,species,349096,926,1.99144809354428,0.02040715,6.86582321568682,Pectinatus haikarae
D006262,species,1929886,919,0.268779673558215,0.05616,1.04655180896319,Eggerthella sp.
D006262,species,658655,906,0.129461258278146,0.02911,0.452933749943846,Lachnospiraceae bacterium 1_4_56FAA
D006262,species,626940,905,3.21340793370166,1.90138,4.50057129322293,Phascolarctobacterium succinatutens
D006262,species,29361,874,0.933910960717391,0.206625,2.64045605053036,Tyzzerella nexilis
D006262,species,1869337,850,1.55805776470588,0.603155,2.98632785345269,Parabacteroides sp.
D006262,species,2724,827,1.17263062943688,0.0189653,3.63603385388429,Hirschia baltica
D006262,species,1070699,780,0.041780641025641,0.015285,0.0815788286776685,Clostridiaceae bacterium JC118
D006262,species,2049040,768,1.79472302083333,0.486745,3.53706010968062,Roseburia sp.
D006262,species,546,669,0.326528006127504,0.0105,1.79290581022731,Citrobacter freundii
D006262,species,2049036,666,0.779271306306306,0.494295,1.10094489854234,Paraprevotella sp.
D006262,species,100886,655,1.68633990839695,0.66184,2.71921863169224,Catenibacterium mitsuokai
D006262,species,363265,643,4.96046755832037,1.12714,9.26068397070349,Prevotella stercorea
D006262,species,751585,586,4.92553336177474,2.71061,5.58484371945401,Coprococcus sp. ART55/1
D006262,species,491921,581,0.816088846815835,0.09627,2.17759707366801,Megamonas rupellensis
D006262,species,1211813,552,1.24632177536232,0.785635,1.40425782274192,Alistipes ihumii AP11
D006262,species,2040332,551,1.10696578947368,0.26288,2.70311222307851,Dorea sp.
D006262,species,2049029,547,0.0223406946983547,0.01266,0.0301225657000143,Holdemania sp.
D006262,species,2317,531,0.227153459670433,0.0324444,0.588674070650528,Methanosphaera stadtmanae
D006262,species,572010,515,0.108707404862136,0.0164053,0.254340243759881,Slackia isoflavoniconvertens
D006262,species,457402,499,0.123579418837675,0.03439,0.322813904876773,Eubacterium sp. 3_1_31
D006262,species,1351,480,2.74880277710417,0.08772,10.1638719472282,Enterococcus faecalis
D006262,species,97478,476,0.27745740772479,0.01132145,1.11495726916034,Lactobacillus mucosae
D006262,species,1872531,459,0.0577402396514161,0.02933,0.089447107855169,Anaerotruncus sp.
D006262,species,2137881,459,0.549665664488017,0.04168,4.00324077956091,Coprobacillus sp.
D006262,species,658085,447,0.0557949217002237,0.01786,0.122383444975101,Lachnospiraceae bacterium 5_1_57FAA
D006262,species,665956,415,0.910356771084337,0.54265,1.01707955696533,Subdoligranulum sp. 4_3_54A2FAA
D006262,species,437897,414,0.63669538647343,0.18164,1.2155353005081,Megamonas funiformis
D006262,species,12908,411,0.240165158150852,0.05864,0.760543159165107,unclassified sequences
D006262,species,1965233,371,0.268514851752022,0.09398,0.469541406587513,Odoribacter sp.
D006262,species,2049033,346,3.40680658959538,0.675835,6.01488225762833,Megamonas sp.
D006262,species,411489,342,4.04626628654971,3.158325,4.07753019255903,Clostridium sp. L2-50
D006262,species,154288,331,0.0839661933534743,0.01638,0.339769994775448,Turicibacter sanguinis
D006262,species,1118060,324,0.560432283950617,0.10895,1.04431958537562,Enorma massiliensis phI
D006262,species,77098,289,0.121133766809689,0.0680426,0.398334832646344,Halomonas pacifica
D006262,species,44933,285,0.0320511437350877,0.0224805,0.0438982614301556,Halomonas cupida
D006262,species,66852,276,0.466505471014493,0.08991,2.25918651148549,Methanobrevibacter sp.
D006262,species,2023260,269,1.40915821561338,0.60563,2.59089076777195,Megasphaera sp.
D006262,species,571,261,2.45975762452107,0.03387,10.7552075113249,Klebsiella oxytoca
D006262,species,626934,261,0.146955249042146,0.04005,0.415785315123955,Slackia piriformis
D006262,species,191493,261,0.13504614648659,0.0125849,0.570095845236521,Corynebacterium sphenisci
D006262,species,1872444,238,0.966747647058824,0.25569,1.7641225788085,Alistipes sp.
D006262,species,469588,234,3.75312504273504,1.17001,7.99868256285171,Bacteroides sp. 2_1_22
D006262,species,1226323,233,1.27427081545064,0.63201,1.41027484195205,Oscillibacter sp. KLE 1745
D006262,species,1113696,230,0.0167229071913043,0.01036,0.0372352462037172,Halomonas sp. NBRC 100990
D006262,species,2049042,214,0.0926328504672897,0.02728,0.222424834333885,Turicibacter sp.
D006262,species,658659,201,0.0560984577114428,0.01352,0.118172752663672,Erysipelotrichaceae bacterium 3_1_53
D006262,species,47884,193,0.215499417906736,0.012118,0.950716957863817,Pseudomonas taetrolens
D006262,species,487173,184,3.21723809782609,1.135265,6.21118142330991,Dialister succinatiphilus
D006262,species,1896336,183,0.299450765027322,0.01887,1.05152937276594,Citrobacter sp.
D006262,species,1872103,175,1.3664852,0.52006,1.93829010715833,Acidaminococcus sp.
D006262,species,216935,168,0.168753861708333,0.0107409,0.514710280330917,Spiroplasma culicicola
D006262,species,2049034,160,1.481009125,0.055015,7.04921196788489,Mitsuokella sp.
D006262,species,249188,152,0.357092894736842,0.1331,0.508883167047356,Haemophilus pittmaniae
D006262,species,576,150,0.156337,0.021675,0.391711218923504,Klebsiella sp.
D006262,species,626938,150,0.12416739673,0.01519355,0.249941006362859,Succinatimonas hippei
D006262,species,1291540,141,0.0770799240141844,0.0139716,0.177452012482077,Candidatus Methanomethylophilus alvus
D006262,species,908612,135,2.18823748148148,1.26213,2.77419016559216,Alistipes sp. HGB5
D006262,species,548,134,4.105519015,0.04474,15.3769594043778,Klebsiella aerogenes
D006262,species,1006,130,0.0320235687961538,0.01158255,0.0693110547438688,Marivirga tractuosa
D006262,species,469592,127,2.27399220472441,1.34535,2.5182944095791,Bacteroides sp. 3_1_19
D006262,species,1744,126,0.159020314761905,0.01083,0.611551293493732,Propionibacterium freudenreichii
D006262,species,153151,122,0.0315401345163934,0.0163121,0.0419884691794613,Parageobacillus toebii
D006262,species,292,121,1.18976886910744,0.0344293,2.82046764051171,Burkholderia cepacia
D006262,species,131111,121,0.0622288429752066,0.01824,0.0967345114836658,Schaalia turicensis
D006262,species,167,114,2.53623027571053,0.178985,5.27977955614314,Treponema succinifaciens
D006262,species,360911,107,0.448072810074766,0.135242,0.779438747087874,Exiguobacterium sp. AT1b
D006262,species,501571,104,0.119587211538462,0.03137,0.451570974794234,Butyricicoccus pullicaecorum
D006262,species,68891,100,0.0301878,0.012525,0.0529705369141157,Streptococcus peroris
D006262,species,742723,95,0.279679368421053,0.08353,0.431859559677337,Lachnospiraceae bacterium 2_1_46FAA
D006262,species,666685,94,0.217725838074468,0.0206186,0.406500901360547,Rhodanobacter denitrificans
D006262,species,1874102,89,0.147372137202247,0.0212675,0.391841032201948,Moraxella sp. (ex LMG 21877)
D006262,species,33945,81,0.447425925925926,0.02066,1.99071756609381,Enterococcus avium
D006262,species,1872530,80,0.1707885,0.02988,0.320686255889941,Anaerostipes sp.
D006262,species,306,76,0.0780736842105263,0.020305,0.178276709070232,Pseudomonas sp.
D006262,species,1965294,74,0.10694,0.021395,0.17923974922257,Collinsella sp.
D006262,species,54291,72,0.0654433931944444,0.01238,0.167413364173983,Raoultella ornithinolytica
D006262,species,1147129,70,2.5184357979,2.67922,2.64700701475373,Dehalobacter sp. DCA
D006262,species,55206,69,0.847327101586957,0.0536193,3.02483505242941,Sediminispirochaeta smaragdinae
D006262,species,1008,64,0.253011859265625,0.05859935,0.511634603732547,Saprospira grandis
D006262,species,1930076,63,0.02585,0.0122,0.037988871035879,Leuconostoc sp.
D006262,species,53345,62,0.139312741935484,0.08751,0.14363869890634,Enterococcus durans
D006262,species,71433,61,0.261584529344262,0.0476337,0.484518465202498,Mesorhizobium amorphae
D006262,species,1896315,60,0.0588751666666667,0.02295,0.135192971177883,Weissella sp.
D006262,species,41114,59,0.0167403389830508,0.01028,0.023797994697185,Actinobacillus sp.
D006262,species,1054217,58,0.0656660661724138,0.0284387,0.0829993041722466,Thermoplasmatales archaeon BRNA1
D006262,species,28104,57,0.572556032596491,0.115911,1.02894927903066,Mesorhizobium huakuii
D006262,species,283878,57,0.0562279618947368,0.0107003,0.128286712160681,Leucobacter aridicollis
D006262,species,33970,56,11.3193013178571,4.919655,16.8840524192353,Melissococcus plutonius
D006262,species,1515439,56,0.157372294357143,0.03024245,0.289999277590848,Paraburkholderia susongensis
D006262,species,1290,55,0.434949090909091,0.03186,1.1496637067957,Staphylococcus hominis
D006262,species,69393,55,0.046622,0.02348,0.0560786291043408,Pantoea sp.
D006262,species,1095771,54,0.498847037037037,0.378175,0.45117813810959,Ruminococcus sp. JC304
D006262,species,624,53,0.0470741270566038,0.02263,0.0819030364788091,Shigella sonnei
D006262,species,28121,50,0.0747974,0.01881,0.331667647218521,Butyrivibrio sp.
D006262,species,160,50,0.087244009434,0.02604689,0.12315737429405,Treponema pallidum
D006262,species,37636,49,0.178488991877551,0.0110138,0.453589794050913,Thermus scotoductus
D006262,species,457394,49,12.8073869387755,7.13049,13.2035844080582,Bacteroides sp. 4_3_47FAA
D006262,species,1226322,48,1.82585625,1.629115,1.25551205896685,Oscillibacter sp. KLE 1728
D006262,species,1211819,48,0.28394,0.19882,0.401478149735317,Holdemania massiliensis AP2
D006262,species,217067,47,0.602813733744681,0.24657,0.895763800383783,Labrys monachus
D006262,species,296,43,0.0384227906976744,0.03213,0.0360402327647986,Pseudomonas fragi
D006262,species,469613,42,0.0604483333333333,0.018415,0.120348304899888,Enterobacteriaceae bacterium 9_2_54FAA
D006262,species,28035,41,0.200457188536585,0.03109,0.580896785934956,Staphylococcus lugdunensis
D006262,species,103690,41,0.773476407560976,0.0136054,4.67919181390851,Nostoc sp. PCC 7120
D006262,species,1033854,39,0.221686637051282,0.0101036,0.375888750232668,Thioalkalivibrio sulfidiphilus
D006262,species,1113632,39,0.0330727661794872,0.022339,0.0500261429217811,Mesorhizobium sp. NBRC 14996
D006262,species,106,38,0.0796507616842105,0.06564015,0.0725563993428688,Runella slithyformis
D006262,species,1226325,36,1.32960777777778,0.783565,2.11045294682054,Clostridium sp. KLE 1755
D006262,species,146939,35,3.98882485322857,0.0103643,5.73537696183427,Azospira oryzae
D006262,species,425341,33,0.0331705493939394,0.0134485,0.0406461766582303,Ochrobactrum sp. CCBAU 10752
D006262,species,563193,33,1.43797393939394,0.93193,1.3906807459387,Parabacteroides sp. D13
D006262,species,69279,33,0.108421084939394,0.0216829,0.19448620134545,Aquamicrobium defluvii
D006262,species,1644115,32,0.02672514553125,0.02194345,0.0252770492406446,Laceyella thermophila
D006262,species,472,31,0.0451764516129032,0.02546,0.0557841150955113,Acinetobacter sp.
D006262,species,1252,30,0.026522889,0.012645,0.0490406531741561,Leuconostoc carnosum
D006262,species,187493,30,0.0288071868666667,0.02291435,0.0358510079737602,Thalassolituus oleivorans
D006262,species,545,28,0.125533928571429,0.048925,0.203937325073339,Citrobacter koseri
D006262,species,53435,27,0.0172919494814815,0.0140872,0.0155723126647193,Treponema paraluiscuniculi
D006262,species,1353,24,0.104517083333333,0.036275,0.195306726691948,Enterococcus gallinarum
D006262,species,484,23,0.0715873913043478,0.03,0.131600941182645,Neisseria flavescens
D006262,species,65657,23,0.0210828574347826,0.017264,0.0271743158035095,Hydrogenophaga flava
D006262,species,564,23,0.0560586956521739,0.02015,0.094152833072054,Escherichia fergusonii
D006262,species,272210,23,0.0215724544347826,0.0107384,0.0317327686426851,Leucobacter albus
D006262,species,665943,22,0.443311818181818,0.30921,0.397084704849114,Eggerthella sp. 1_3_56FAA
D006262,species,36773,21,0.0527628571428571,0.01747,0.16344391445211,Burkholderia sp.
D006262,species,1288,19,0.0298163157894737,0.02258,0.0266386901601842,Staphylococcus xylosus
D006262,species,457392,19,6.41541210526316,3.31505,8.11638217879916,Bacteroides sp. 3_2_5
D006262,species,208962,18,0.187010692166667,0.01769,0.433006901066082,Escherichia albertii
D006262,species,38322,18,0.080827626,0.05578375,0.0883157111733853,Pseudothermotoga elfii
D006262,species,1335757,18,0.242880199222222,0.1111856,0.315675776492147,Spiribacter curvatus
D006262,species,188913,18,2.43613833333333,0.26931,5.79584805659976,Cetobacterium somerae
D006262,species,416586,17,0.291798823529412,0.27919,0.166766025649799,Selenomonas bovis
D006262,species,1746653,16,0.053128785625,0.01044657,0.122953168866395,Cellulosimicrobium sp. HBUM179776
D006262,species,346665,16,0.0258273915625,0.01184062,0.0326189935057892,Moraxella boevrei
D006262,species,411484,15,1.182106,1.29747,0.421086636365623,Clostridium sp. SS2/1
D006262,species,749535,15,4.86679733333333,1.17277,8.67414273632309,Klebsiella sp. MS 92-3
D006262,species,512,15,0.010996,0.01074,0.0081941187968654,Alcaligenes sp.
D006262,species,1283,13,0.119346923076923,0.02006,0.284774330754038,Staphylococcus haemolyticus
D006262,species,84377,13,0.0232736852307692,0.0240486,0.0228704651066097,Brachyspira intermedia
D006262,species,748247,13,0.0943884925384615,0.098668,0.0728011082630088,Azoarcus sp. KH32C
D006262,species,1097668,13,0.221488712153846,0.0497141,0.366999745106813,Burkholderia sp. YI23
D006262,species,615,13,0.498101693846154,0.09835,1.21153710945317,Serratia marcescens
D006262,species,28449,13,0.0533961538461538,0.01211,0.0993448079953906,Neisseria subflava
D006262,species,34029,13,0.248970499230769,0.216169,0.157295773107762,Leptothrix cholodnii
D006262,species,1111120,12,2.29852666666667,1.268705,3.04150521382344,Acidaminococcus sp. BV3L6
D006262,species,246144,12,0.0910991666666667,0.02358,0.235000349533912,Enterococcus italicus
D006262,species,248026,12,0.206820781666667,0.1650865,0.165957971227377,Cupriavidus pinatubonensis
D006262,species,565,11,0.577966363636364,0.0537,1.64342491186712,Atlantibacter hermannii
D006262,species,457415,11,0.409152727272727,0.5446,0.269777589398783,Synergistes sp. 3_1_syn1
D006262,species,1505,11,0.531515454545455,0.05472,1.04611845743552,Paeniclostridium sordellii
D006262,species,450,10,0.123505299,0.0841899,0.107281948457469,Legionella longbeachae
D006262,species,266128,10,0.0116006608,0.011003635,0.0110470863241209,Stenotrophomonas koreensis
D006262,species,29380,10,0.021798,0.010425,0.0208307890713082,Staphylococcus caprae
D006262,species,413503,9,0.269081111111111,0.01167,0.724543093636335,Cronobacter malonaticus
D006262,species,1203556,8,0.4652125,0.271875,0.436841713855586,Actinomyces sp. HPA0247
D006262,species,1175452,8,1.451745,0.019065,4.05321657677666,Peptoniphilus rhinitidis
D006262,species,246432,8,0.02462125,0.02742,0.0122287651958113,Staphylococcus equorum
D006262,species,71451,8,0.0676325,0.06539,0.039787722711553,Enterococcus malodoratus
D006262,species,457396,8,3.17762625,0.650945,5.49305324532186,Clostridium sp. 7_2_43FAA
D006262,species,39441,8,0.015148263375,0.010106835,0.0182315446441866,Methanobrevibacter arboriphilus
D006262,species,671229,8,1.12139375,0.333965,1.69631594901537,Veillonella sp. oral taxon 780
D006262,species,1907779,7,0.126584285714286,0.0185,0.260747046826175,Pediococcus sp.
D006262,species,556261,7,0.21876,0.16112,0.145422455166548,Clostridium sp. D5
D006262,species,239974,7,0.111389385714286,0.0130347,0.266199100801593,Nocardiopsis valliformis
D006262,species,1703,6,0.0284239558333333,0.031495,0.0151902486863021,Brevibacterium linens
D006262,species,2128,6,0.021266317,0.010161765,0.0255143829482701,Mycoplasma flocculare
D006262,species,882162,6,0.0141342608333333,0.01232283,0.0135954345533633,Delftia sp. IHB B 4037
D006262,species,1203555,6,4.16869333333333,4.41401,1.31546692190517,Acidaminococcus sp. HPA0509
D006262,species,62928,6,0.0302180555,0.0303515,0.0267042256108129,Azoarcus sp. BH72
D006262,species,1453492,6,0.861560509166667,0.13225625,1.70035071453955,Chryseobacterium hispalense
D006262,species,53440,6,0.427638508333333,0.01166839,0.819675343067421,Nocardiopsis listeri
D006262,species,457387,6,3.44115333333333,0.71388,6.96733719843289,Bacteroides sp. 1_1_30
D006262,species,469585,6,2.86447833333333,2.912835,1.25696779677789,Bacteroides sp. 1_1_14
D006262,species,318683,6,0.024457658,0.012989755,0.0311605739397638,Gluconobacter albidus
D006262,species,357794,6,0.087606933,0.05095965,0.13637532211466,Psychromonas ingrahamii
D006262,species,1105030,5,0.138528,0.15028,0.0584130496550214,Actinomyces sp. ICM58
D006262,species,435842,5,1.708936,1.88102,1.49202962210205,Streptococcus sp. C150
D006262,species,647,5,0.027862,0.01783,0.032071684084251,Aeromonas sp.
D006262,species,640510,5,0.0380310534,0.036049,0.0281572688875707,Burkholderia sp. CCGE1001
D006262,species,457416,5,0.451552,0.36884,0.221879272398302,Veillonella sp. 3_1_44
D006262,species,1969471,5,0.049856,0.02155,0.0682512511240636,Granulicella sp.
D006262,species,199596,5,0.0553629764,0.010843,0.0908242721594208,Methylocella silvestris
D006262,species,169679,5,0.74442726,0.100376,1.44944219855453,Clostridium saccharobutylicum
D006262,species,1114031,4,0.0142697425,0.010192535,0.0154754011951837,Lactobacillus sp. NBRC 107208
D006262,species,1460639,4,0.060597035,0.01231332,0.104491876245328,Bacillus sp. JCM 19045
D006262,species,309411,4,0.0189584125,0.01934215,0.0079897894893394,Gram-negative bacterium CCBAU 25211
D006262,species,79967,4,0.0641737825,0.0525276,0.0620236226425483,Erwinia pyrifoliae
D006262,species,1206,4,5.43883716775,0.41238235,10.3331200346609,Trichodesmium erythraeum
D006262,species,42055,4,0.03696775,0.01676585,0.0497300923596233,Chromohalobacter marismortui
D006262,species,392593,4,0.01818748875,0.0167066,0.0165643649648024,Inhella inkyongensis
D006262,species,51365,4,0.03465,0.033505,0.0101141122530189,Mycoplasma yeatsii
D006262,species,936548,4,0.1119525,0.10898,0.0316754893411294,Actinomyces sp. ICM47
D006262,species,693988,4,0.54211,0.58411,0.217426071727074,Bilophila sp. 4_1_30
D006262,species,1113977,4,0.01304929025,0.01024395,0.0145902745725516,Lactobacillus sp. NBRC 106038
D006262,species,1329817,4,0.857875,0.30939,1.23959830209898,Enterobacter sp. MGH 8
D006262,species,1872437,4,0.0135525,0.01359,0.0088718708098499,Alicycliphilus sp.
D006262,species,526,4,0.01391618625,0.01421625,0.0130551668792254,Acidiphilium rubrum
D006262,species,614,3,2.17761,0.04598,3.72700332112812,Serratia liquefaciens
D006262,species,1871063,3,0.020294498,0.0284892,0.0169644169639281,Aeromicrobium sp.
D006262,species,1281,3,0.0152596,0.0195788,0.010247107712911,Staphylococcus carnosus
D006262,species,1571207,3,0.0382283633333333,0.0411331,0.0334216105661447,Paracoccus cavernae
D006262,species,457395,3,3.15826,3.40833,2.3375388079987,Bacteroides sp. 9_1_42FAA
D006262,species,7,3,0.0290208073333333,0.0248571,0.03102708349201,Azorhizobium caulinodans
D006262,species,29292,3,2.346737637,2.9703,2.10525263954074,Pyrococcus abyssi
D006262,species,469591,3,3.31703,3.35059,1.68828018589925,Parabacteroides sp. 20_3
D006262,species,266748,3,0.0192854666666667,0.0242698,0.0156626572232598,Chryseobacterium antarcticum
D006262,species,908340,3,0.57153,0.57532,0.041843927874902,Clostridium sp. HGF2
D006262,species,83555,3,0.0522437,0.0504796,0.0064062841577626,Chlamydia abortus
D006262,species,452286,3,0.0642447846666667,0.0868921,0.0560354121708559,Mucilaginibacter kameinonensis
D006262,species,1113997,3,0.0175486033333333,0.0147421,0.0167099512405044,Lactobacillus sp. NBRC 107174
D006262,species,670292,3,0.0181856166666667,0.010102,0.0183927557465115,Microvirga aerilata
D006262,species,1114039,3,0.01757932,0.0113401,0.0202505456132224,Lactobacillus sp. NBRC 107216
D006262,species,215689,3,0.074811137,0.0749625,0.0745926596794404,Erwinia sp. Ejp617
D006262,species,1111454,3,0.707953333333333,0.88797,0.316729770045907,Megasphaera sp. BV3C16-1
D006262,species,648,3,0.0149166666666667,0.01467,0.0116419600297086,Aeromonas caviae
D006262,species,996797,3,0.0299034413333333,0.0345342,0.0270474006109926,Sphingobacterium sp. KMM 6384
D006262,species,1203568,3,0.11806,0.08098,0.0885107066969867,Dermabacter sp. HFH0086
D006262,species,149016,3,0.0597633333333333,0.03476,0.0675970134941873,Streptococcus urinalis
D006262,species,29401,2,0.0556253185,0.0556253185,0.0781772753009651,Pseudonocardia halophobica
D006262,species,485,2,0.04946675,0.04946675,0.068137587252595,Neisseria gonorrhoeae
D006262,species,464131,2,0.07377199,0.07377199,0.099554992078952,Actinoplanes sp. HBUM 87051
D006262,species,469593,2,4.611395,4.611395,0.111913790258395,Bacteroides sp. 3_1_40A
D006262,species,267,2,0.01106,0.01106,0.00958836795288959,Paracoccus sp.
D006262,species,482564,2,0.040382285,0.040382285,0.0538476168141214,Oscillatoria nigro-viridis
D006262,species,475088,2,0.0110371,0.0110371,3.29511760032925e-05,Methanosphaerula palustris
D006262,species,471223,2,0.03096145,0.03096145,0.0278196313815442,Geobacillus sp. WCH70
D006262,species,521463,2,0.01479096,0.01479096,0.0190663423951003,Bacillus sp. CCBAU 10712
D006262,species,534635,2,0.54433,0.54433,0.521489836911516,Mucilaginibacter rigui
D006262,species,803,2,0.15529919,0.15529919,0.218211469760029,Bartonella quintana
D006262,species,470866,2,0.012198245,0.012198245,0.0134311468263157,Salinimicrobium terrae
D006262,species,483545,2,0.037504125,0.037504125,0.0488791451582498,Thermobifida halotolerans
D006262,species,651591,2,0.02803,0.02803,0.0183847763108502,Bacteroidetes bacterium oral taxon 272
D006262,species,581103,2,0.06895251,0.06895251,0.0952904027973447,Geobacillus sp. Y4.1MC1
D006262,species,134533,2,0.02456,0.02456,0.000735391052434011,Acinetobacter parvus
D006262,species,155322,2,0.011495475,0.011495475,0.0099058942529814,Bacillus toyonensis
D006262,species,164757,2,0.686287655,0.686287655,0.96671728116218,Mycobacterium sp. JLS
D006262,species,1113712,2,0.0143766,0.0143766,0.0104475026920312,Photobacterium sp. NBRC 101057
D006262,species,168810,2,0.279,0.279,0.384991358084828,Corynebacterium crenatum
D006262,species,1054996,2,0.01794595,0.01794595,0.00577232478686014,Roseovarius marisflavi
D006262,species,283811,2,0.01307165,0.01307165,0.01666714322867,Stackebrandtia nassauensis
D006262,species,1105031,2,1.212725,1.212725,1.05416186046072,Clostridium sp. MSTE9
D006262,species,204799,2,0.01139319,0.01139319,0.0135081578258547,Nitratireductor aquibiodomus
D006262,species,1105029,2,0.11372,0.11372,0.000197989898732235,Actinomyces sp. ICM39
D006262,species,180441,2,0.013725315,0.013725315,0.0102106007071303,Flavobacterium limicola
D006262,species,665939,2,0.19174,0.19174,0.0023334523779156,Campylobacter sp. 10_1_50
D006262,species,994649,2,0.0105524245,0.0105524245,0.0144297520140854,Pseudorhodobacter sp. KOPRI 25878
D006262,species,1105032,2,0.04933,0.04933,0.0278741493143737,Streptococcus sp. BS35b
D006262,species,585544,2,3.222875,3.222875,3.62725272652044,Bacteroides sp. D22
D006262,species,457391,2,3.421965,3.421965,0.291688618307263,Bacteroides sp. 3_1_33FAA
D006262,species,41978,2,1.48816,1.48816,1.4799462087522,Ruminococcus sp.
D006262,species,450749,2,0.246825,0.246825,0.0934300189981785,Veillonella sp. 6_1_27
D006262,species,910311,2,0.82652,0.82652,0.944454243359624,Eggerthella sp. HGA1
D006262,species,1410330,2,0.0198553055,0.0198553055,0.0275396800286979,Rhodoplanes oryzae
D006262,species,640511,2,0.012476411,0.012476411,0.0172400962971163,Burkholderia sp. CCGE1002
D006262,species,991904,2,0.05787435,0.05787435,0.0466934427422631,Polymorphum gilvum
D006262,species,67296,2,0.0154251,0.0154251,0.00648006796414976,Streptomyces finlayi
D006262,species,1263550,2,0.01086329,0.01086329,0.00585825240290993,Edwardsiella piscicida
D006262,species,69218,2,0.096905,0.096905,0.117344370337908,Enterobacter cancerogenus
D006262,species,378211,2,0.012495,0.012495,0.0163270955775974,Methyloversatilis universalis
D006262,species,184748,2,0.0333644765,0.0333644765,0.0467064160303775,Paracoccus seriniphilus
